name,slug,category,brand,price,original_price,stock_quantity,description,main_image,images,features,is_featured,product_url,specifications,manufacturer
MRI System Pro 297,mri-system-pro-297,Medical Equipment,Clinica,6061.72,7111.05,3,High-quality MRI System Pro 297 meeting industry standards for medical equipment operations.,https://images.pexels.com/photos/8413091/pexels-photo-8413091.jpeg,"https://images.pexels.com/photos/8413091/pexels-photo-8413091.jpeg,https://images.pexels.com/photos/6627671/pexels-photo-6627671.jpeg,https://images.pexels.com/photos/6502369/pexels-photo-6502369.jpeg,https://images.pexels.com/photos/6809646/pexels-photo-6809646.jpeg","Technical Support, Hygienic Design, 1 Year Warranty, Heavy Duty Construction",0,,Clinica | Industrial Grade | Performance Certified,MediPro
Wellhead System Max 481,wellhead-system-max-481,Oil And Gas Exploration Equipment,DrillMaster,468033.13,517377.66,1,Professional-grade Wellhead System Max 481 designed for demanding oil and gas exploration equipment applications.,https://images.pexels.com/photos/29470000/pexels-photo-29470000.jpeg,"https://images.pexels.com/photos/29470000/pexels-photo-29470000.jpeg,https://images.pexels.com/photos/13129752/pexels-photo-13129752.jpeg,https://images.pexels.com/photos/7910062/pexels-photo-7910062.jpeg,https://images.pexels.com/photos/29470002/pexels-photo-29470002.jpeg","1 Year Warranty, High Pressure Rated, Corrosion Resistant, ATEX Certified",0,,FuelTech | Industrial Grade | Performance Certified,OilMax
Crane Lift Pro Industrial 787,crane-lift-pro-industrial-787,Construction Equipment,TerraMaster,64061.0,79521.28,6,Crane Lift Pro Industrial 787 - A trusted solution for construction equipment tasks with reliable performance.,https://images.pexels.com/photos/16567022/pexels-photo-16567022.jpeg,"https://images.pexels.com/photos/16567022/pexels-photo-16567022.jpeg,https://images.pexels.com/photos/33122153/pexels-photo-33122153.jpeg,https://images.pexels.com/photos/21033111/pexels-photo-21033111.jpeg,https://images.pexels.com/photos/30354001/pexels-photo-30354001.jpeg","Technical Support, 1 Year Warranty, ROPS/FOPS Available, Heavy Duty Construction",0,,DigiBuild | Industrial Grade | Performance Certified,BuildForce
Drilling Rig Max 712,drilling-rig-max-712,Mining and Quarry Equipment,RockBreaker,89327.23,111855.55,5,This Drilling Rig Max 712 delivers exceptional performance in mining and quarry equipment environments.,https://images.pexels.com/photos/15071423/pexels-photo-15071423.jpeg,"https://images.pexels.com/photos/15071423/pexels-photo-15071423.jpeg,https://images.pexels.com/photos/13181434/pexels-photo-13181434.jpeg,https://images.pexels.com/photos/33192/paddle-wheel-bucket-wheel-excavators-brown-coal-open-pit-mining.jpg,https://images.pexels.com/photos/6364578/pexels-photo-6364578.jpeg","Industry Certified, Heavy Duty Construction, 1 Year Warranty, Mining Certified",0,,MineTech | Industrial Grade | Performance Certified,DeepDigger
Defibrillator Industrial 953,defibrillator-industrial-953,Medical Equipment,MediCore,42364.73,53177.91,20,High-quality Defibrillator Industrial 953 meeting industry standards for medical equipment operations.,https://images.pexels.com/photos/6809646/pexels-photo-6809646.jpeg,"https://images.pexels.com/photos/6809646/pexels-photo-6809646.jpeg,https://images.pexels.com/photos/4586856/pexels-photo-4586856.jpeg,https://images.pexels.com/photos/6627665/pexels-photo-6627665.jpeg,https://images.pexels.com/photos/8413159/pexels-photo-8413159.jpeg","Sterilization Ready, Hygienic Design, Clinical Grade, 1 Year Warranty",1,,ProHealth | Industrial Grade | Performance Certified,ProHealth
Casing Hanger Elite 647,casing-hanger-elite-647,Oil And Gas Exploration Equipment,OilMax,277608.81,329598.91,10,This Casing Hanger Elite 647 delivers exceptional performance in oil and gas exploration equipment environments.,https://images.pexels.com/photos/7910062/pexels-photo-7910062.jpeg,"https://images.pexels.com/photos/7910062/pexels-photo-7910062.jpeg,https://images.pexels.com/photos/29470000/pexels-photo-29470000.jpeg,https://images.pexels.com/photos/13129752/pexels-photo-13129752.jpeg,https://images.pexels.com/photos/29470001/pexels-photo-29470001.jpeg","Heavy Duty Construction, 1 Year Warranty, Technical Support, Industry Certified",0,,PetroPower | Industrial Grade | Performance Certified,PetroPower
Forklift Pro Max 993,forklift-pro-max-993,Construction Equipment,BuildForce,69569.56,82893.48,3,This Forklift Pro Max 993 delivers exceptional performance in construction equipment environments.,https://images.pexels.com/photos/5125782/pexels-photo-5125782.jpeg,"https://images.pexels.com/photos/5125782/pexels-photo-5125782.jpeg,https://images.pexels.com/photos/5125783/pexels-photo-5125783.jpeg,https://images.pexels.com/photos/461789/pexels-photo-461789.jpeg,https://images.pexels.com/photos/10421754/pexels-photo-10421754.jpeg","Heavy Duty Construction, Fuel Efficient, Technical Support, ROPS/FOPS Available",0,,DigiBuild | Industrial Grade | Performance Certified,SteelWorks
Dozer Pro Elite 714,dozer-pro-elite-714,Mining and Quarry Equipment,RockBreaker,484994.5,547928.42,2,Professional-grade Dozer Pro Elite 714 designed for demanding mining and quarry equipment applications.,https://images.pexels.com/photos/18812420/pexels-photo-18812420.jpeg,"https://images.pexels.com/photos/18812420/pexels-photo-18812420.jpeg,https://images.pexels.com/photos/31096912/pexels-photo-31096912.jpeg,https://images.pexels.com/photos/28792584/pexels-photo-28792584.jpeg,https://images.pexels.com/photos/15071423/pexels-photo-15071423.jpeg","Heavy Duty Construction, Technical Support, Industry Certified, Dust Protected",1,,DeepDigger | Industrial Grade | Performance Certified,MineTech
Ultrasound Device Elite 402,ultrasound-device-elite-402,Medical Equipment,MediPro,8108.93,9549.63,11,Professional-grade Ultrasound Device Elite 402 designed for demanding medical equipment applications.,https://images.pexels.com/photos/6502369/pexels-photo-6502369.jpeg,"https://images.pexels.com/photos/6502369/pexels-photo-6502369.jpeg,https://images.pexels.com/photos/7789678/pexels-photo-7789678.jpeg,https://images.pexels.com/photos/8352121/pexels-photo-8352121.jpeg,https://images.pexels.com/photos/6627665/pexels-photo-6627665.jpeg","Heavy Duty Construction, Hygienic Design, Sterilization Ready, Technical Support",1,,MediPro | Industrial Grade | Performance Certified,MediCore
Top Drive Max 272,top-drive-max-272,Oil And Gas Exploration Equipment,DrillMaster,202742.56,257942.83,10,Professional-grade Top Drive Max 272 designed for demanding oil and gas exploration equipment applications.,https://images.pexels.com/photos/29470001/pexels-photo-29470001.jpeg,"https://images.pexels.com/photos/29470001/pexels-photo-29470001.jpeg,https://images.pexels.com/photos/15391048/pexels-photo-15391048.jpeg,https://images.pexels.com/photos/21047659/pexels-photo-21047659.jpeg,https://images.pexels.com/photos/7910062/pexels-photo-7910062.jpeg","Technical Support, Heavy Duty Construction, Industry Certified, ATEX Certified",0,,FuelTech | Industrial Grade | Performance Certified,FuelTech
Dump Truck Pro 582,dump-truck-pro-582,Construction Equipment,TerraMaster,38793.82,47702.25,11,Professional-grade Dump Truck Pro 582 designed for demanding construction equipment applications.,https://images.pexels.com/photos/10421758/pexels-photo-10421758.jpeg,"https://images.pexels.com/photos/10421758/pexels-photo-10421758.jpeg,https://images.pexels.com/photos/21033111/pexels-photo-21033111.jpeg,https://images.pexels.com/photos/33122153/pexels-photo-33122153.jpeg,https://images.pexels.com/photos/30751525/pexels-photo-30751525.jpeg","Industry Certified, ROPS/FOPS Available, 1 Year Warranty, Heavy Duty Construction",0,,BuildForce | Industrial Grade | Performance Certified,ConstructPro
Drilling Rig Max 457,drilling-rig-max-457,Mining and Quarry Equipment,RockBreaker,258422.83,298837.34,2,High-quality Drilling Rig Max 457 meeting industry standards for mining and quarry equipment operations.,https://images.pexels.com/photos/13181434/pexels-photo-13181434.jpeg,"https://images.pexels.com/photos/13181434/pexels-photo-13181434.jpeg,https://images.pexels.com/photos/33192/paddle-wheel-bucket-wheel-excavators-brown-coal-open-pit-mining.jpg,https://images.pexels.com/photos/15071423/pexels-photo-15071423.jpeg,https://images.pexels.com/photos/6364578/pexels-photo-6364578.jpeg","Mining Certified, High Torque, Dust Protected, 1 Year Warranty",0,,QuarryPro | Industrial Grade | Performance Certified,RockBreaker
Patient Monitor Elite 485,patient-monitor-elite-485,Medical Equipment,Clinica,37278.96,48140.36,3,Professional-grade Patient Monitor Elite 485 designed for demanding medical equipment applications.,https://images.pexels.com/photos/9951400/pexels-photo-9951400.jpeg,"https://images.pexels.com/photos/9951400/pexels-photo-9951400.jpeg,https://images.pexels.com/photos/8413159/pexels-photo-8413159.jpeg,https://images.pexels.com/photos/8413092/pexels-photo-8413092.jpeg,https://images.pexels.com/photos/4586856/pexels-photo-4586856.jpeg","Clinical Grade, Hygienic Design, Heavy Duty Construction, 1 Year Warranty",0,,Clinica | Industrial Grade | Performance Certified,BioMedix
Logging Tool Pro 783,logging-tool-pro-783,Oil And Gas Exploration Equipment,DrillMaster,391787.64,461459.71,13,High-quality Logging Tool Pro 783 meeting industry standards for oil and gas exploration equipment operations.,https://images.pexels.com/photos/15391048/pexels-photo-15391048.jpeg,"https://images.pexels.com/photos/15391048/pexels-photo-15391048.jpeg,https://images.pexels.com/photos/29470001/pexels-photo-29470001.jpeg,https://images.pexels.com/photos/21047659/pexels-photo-21047659.jpeg,https://images.pexels.com/photos/7910062/pexels-photo-7910062.jpeg","High Pressure Rated, ATEX Certified, Technical Support, Corrosion Resistant",0,,PetroPower | Industrial Grade | Performance Certified,OilMax
Road Roller Pro 689,road-roller-pro-689,Construction Equipment,SteelWorks,127995.75,147957.45,3,This Road Roller Pro 689 delivers exceptional performance in construction equipment environments.,https://images.pexels.com/photos/18812420/pexels-photo-18812420.jpeg,"https://images.pexels.com/photos/18812420/pexels-photo-18812420.jpeg,https://images.pexels.com/photos/28663727/pexels-photo-28663727.jpeg,https://images.pexels.com/photos/30354001/pexels-photo-30354001.jpeg,https://images.pexels.com/photos/12247592/pexels-photo-12247592.jpeg","Fuel Efficient, Technical Support, ROPS/FOPS Available, Industry Certified",0,,SteelWorks | Industrial Grade | Performance Certified,BuildForce
Mining Drill Industrial 225,mining-drill-industrial-225,Mining and Quarry Equipment,RockBreaker,441588.19,508902.05,16,High-quality Mining Drill Industrial 225 meeting industry standards for mining and quarry equipment operations.,https://images.pexels.com/photos/4202932/pexels-photo-4202932.jpeg,"https://images.pexels.com/photos/4202932/pexels-photo-4202932.jpeg,https://images.pexels.com/photos/31925745/pexels-photo-31925745.jpeg,https://images.pexels.com/photos/13181434/pexels-photo-13181434.jpeg,https://images.pexels.com/photos/6364578/pexels-photo-6364578.jpeg","1 Year Warranty, Mining Certified, Dust Protected, Industry Certified",0,,MineTech | Industrial Grade | Performance Certified,DeepDigger
Diagnostic Scanner Advanced 679,diagnostic-scanner-advanced-679,Medical Equipment,BioMedix,21574.03,23771.99,12,This Diagnostic Scanner Advanced 679 delivers exceptional performance in medical equipment environments.,https://images.pexels.com/photos/6627727/pexels-photo-6627727.jpeg,"https://images.pexels.com/photos/6627727/pexels-photo-6627727.jpeg,https://images.pexels.com/photos/7789678/pexels-photo-7789678.jpeg,https://images.pexels.com/photos/6809646/pexels-photo-6809646.jpeg,https://images.pexels.com/photos/6502369/pexels-photo-6502369.jpeg","Industry Certified, Heavy Duty Construction, Hygienic Design, 1 Year Warranty",0,,Clinica | Industrial Grade | Performance Certified,Clinica
Pressure Valve Advanced 998,pressure-valve-advanced-998,Oil And Gas Exploration Equipment,PetroPower,225344.84,284836.84,9,Professional-grade Pressure Valve Advanced 998 designed for demanding oil and gas exploration equipment applications.,https://images.pexels.com/photos/29470002/pexels-photo-29470002.jpeg,"https://images.pexels.com/photos/29470002/pexels-photo-29470002.jpeg,https://images.pexels.com/photos/29470000/pexels-photo-29470000.jpeg,https://images.pexels.com/photos/13129752/pexels-photo-13129752.jpeg,https://images.pexels.com/photos/7910062/pexels-photo-7910062.jpeg","1 Year Warranty, Corrosion Resistant, High Pressure Rated, Technical Support",1,,OilMax | Industrial Grade | Performance Certified,DrillMaster
Tower Crane Pro 692,tower-crane-pro-692,Construction Equipment,TerraMaster,57375.61,65185.35,9,High-quality Tower Crane Pro 692 meeting industry standards for construction equipment operations.,https://images.pexels.com/photos/16567022/pexels-photo-16567022.jpeg,"https://images.pexels.com/photos/16567022/pexels-photo-16567022.jpeg,https://images.pexels.com/photos/33122153/pexels-photo-33122153.jpeg,https://images.pexels.com/photos/28512236/pexels-photo-28512236.jpeg,https://images.pexels.com/photos/21033111/pexels-photo-21033111.jpeg","Technical Support, Fuel Efficient, ROPS/FOPS Available, CE Certified",1,,SteelWorks | Industrial Grade | Performance Certified,TerraMaster
Rock Crusher Pro Pro 314,rock-crusher-pro-pro-314,Mining and Quarry Equipment,RockBreaker,312419.07,374221.62,8,Rock Crusher Pro Pro 314 - A trusted solution for mining and quarry equipment tasks with reliable performance.,https://images.pexels.com/photos/6109687/pexels-photo-6109687.jpeg,"https://images.pexels.com/photos/6109687/pexels-photo-6109687.jpeg,https://images.pexels.com/photos/6109673/pexels-photo-6109673.jpeg,https://images.pexels.com/photos/6890368/pexels-photo-6890368.jpeg,https://images.pexels.com/photos/6890378/pexels-photo-6890378.jpeg","Industry Certified, High Torque, Dust Protected, Heavy Duty Construction",1,,RockBreaker | Industrial Grade | Performance Certified,OreMax
Ultrasound Device Pro 522,ultrasound-device-pro-522,Medical Equipment,ProHealth,21961.51,26032.67,8,Professional-grade Ultrasound Device Pro 522 designed for demanding medical equipment applications.,https://images.pexels.com/photos/7789678/pexels-photo-7789678.jpeg,"https://images.pexels.com/photos/7789678/pexels-photo-7789678.jpeg,https://images.pexels.com/photos/6627665/pexels-photo-6627665.jpeg,https://images.pexels.com/photos/6502369/pexels-photo-6502369.jpeg,https://images.pexels.com/photos/8352121/pexels-photo-8352121.jpeg","Sterilization Ready, 1 Year Warranty, Industry Certified, Clinical Grade",0,,ProHealth | Industrial Grade | Performance Certified,ProHealth
Separator Unit Max 477,separator-unit-max-477,Oil And Gas Exploration Equipment,OilMax,410405.27,516465.66,18,Separator Unit Max 477 - A trusted solution for oil and gas exploration equipment tasks with reliable performance.,https://images.pexels.com/photos/13129752/pexels-photo-13129752.jpeg,"https://images.pexels.com/photos/13129752/pexels-photo-13129752.jpeg,https://images.pexels.com/photos/29470002/pexels-photo-29470002.jpeg,https://images.pexels.com/photos/29470000/pexels-photo-29470000.jpeg,https://images.pexels.com/photos/7910062/pexels-photo-7910062.jpeg","ATEX Certified, Industry Certified, Heavy Duty Construction, Technical Support",0,,FuelTech | Industrial Grade | Performance Certified,GasPro
Tower Crane Industrial 765,tower-crane-industrial-765,Construction Equipment,TerraMaster,26854.47,34791.36,15,This Tower Crane Industrial 765 delivers exceptional performance in construction equipment environments.,https://images.pexels.com/photos/21033111/pexels-photo-21033111.jpeg,"https://images.pexels.com/photos/21033111/pexels-photo-21033111.jpeg,https://images.pexels.com/photos/28512236/pexels-photo-28512236.jpeg,https://images.pexels.com/photos/33122153/pexels-photo-33122153.jpeg,https://images.pexels.com/photos/16567022/pexels-photo-16567022.jpeg","Fuel Efficient, Industry Certified, Technical Support, 1 Year Warranty",0,,BuildForce | Industrial Grade | Performance Certified,BuildForce
Wheel Loader Advanced 826,wheel-loader-advanced-826,Mining and Quarry Equipment,DeepDigger,77928.33,97231.32,15,High-quality Wheel Loader Advanced 826 meeting industry standards for mining and quarry equipment operations.,https://images.pexels.com/photos/17320062/pexels-photo-17320062.jpeg,"https://images.pexels.com/photos/17320062/pexels-photo-17320062.jpeg,https://images.pexels.com/photos/6890368/pexels-photo-6890368.jpeg,https://images.pexels.com/photos/32618286/pexels-photo-32618286.jpeg,https://images.pexels.com/photos/13181434/pexels-photo-13181434.jpeg","Technical Support, Heavy Duty Construction, 1 Year Warranty, Industry Certified",0,,OreMax | Industrial Grade | Performance Certified,RockBreaker
Infusion Pump Max 281,infusion-pump-max-281,Medical Equipment,Clinica,31723.08,39381.27,11,This Infusion Pump Max 281 delivers exceptional performance in medical equipment environments.,https://images.pexels.com/photos/6627665/pexels-photo-6627665.jpeg,"https://images.pexels.com/photos/6627665/pexels-photo-6627665.jpeg,https://images.pexels.com/photos/8655283/pexels-photo-8655283.jpeg,https://images.pexels.com/photos/4586856/pexels-photo-4586856.jpeg,https://images.pexels.com/photos/6809646/pexels-photo-6809646.jpeg","Technical Support, Heavy Duty Construction, Industry Certified, Sterilization Ready",0,,BioMedix | Industrial Grade | Performance Certified,BioMedix
Mud Pump Industrial 643,mud-pump-industrial-643,Oil And Gas Exploration Equipment,FuelTech,166692.18,202701.95,17,This Mud Pump Industrial 643 delivers exceptional performance in oil and gas exploration equipment environments.,https://images.pexels.com/photos/29470000/pexels-photo-29470000.jpeg,"https://images.pexels.com/photos/29470000/pexels-photo-29470000.jpeg,https://images.pexels.com/photos/7910062/pexels-photo-7910062.jpeg,https://images.pexels.com/photos/29470001/pexels-photo-29470001.jpeg,https://images.pexels.com/photos/13129752/pexels-photo-13129752.jpeg","High Pressure Rated, 1 Year Warranty, Heavy Duty Construction, Industry Certified",0,,OilMax | Industrial Grade | Performance Certified,FuelTech
Loader Elite Advanced 905,loader-elite-advanced-905,Construction Equipment,TerraMaster,127778.87,157981.62,17,This Loader Elite Advanced 905 delivers exceptional performance in construction equipment environments.,https://images.pexels.com/photos/5125782/pexels-photo-5125782.jpeg,"https://images.pexels.com/photos/5125782/pexels-photo-5125782.jpeg,https://images.pexels.com/photos/5125783/pexels-photo-5125783.jpeg,https://images.pexels.com/photos/35598624/pexels-photo-35598624.jpeg,https://images.pexels.com/photos/461789/pexels-photo-461789.jpeg","ROPS/FOPS Available, CE Certified, Fuel Efficient, Heavy Duty Construction",0,,ConstructPro | Industrial Grade | Performance Certified,TerraMaster
Screening Plant Elite 397,screening-plant-elite-397,Mining and Quarry Equipment,RockBreaker,54031.75,66327.9,6,High-quality Screening Plant Elite 397 meeting industry standards for mining and quarry equipment operations.,https://images.pexels.com/photos/34705823/pexels-photo-34705823.jpeg,"https://images.pexels.com/photos/34705823/pexels-photo-34705823.jpeg,https://images.pexels.com/photos/4946886/pexels-photo-4946886.jpeg,https://images.pexels.com/photos/17320030/pexels-photo-17320030.jpeg,https://images.pexels.com/photos/8247090/pexels-photo-8247090.jpeg","1 Year Warranty, Dust Protected, Industry Certified, High Torque",0,,DeepDigger | Industrial Grade | Performance Certified,OreMax
Ultrasound Device Elite 125,ultrasound-device-elite-125,Medical Equipment,Clinica,4127.11,4785.75,6,Professional-grade Ultrasound Device Elite 125 designed for demanding medical equipment applications.,https://images.pexels.com/photos/7789678/pexels-photo-7789678.jpeg,"https://images.pexels.com/photos/7789678/pexels-photo-7789678.jpeg,https://images.pexels.com/photos/8352121/pexels-photo-8352121.jpeg,https://images.pexels.com/photos/6502369/pexels-photo-6502369.jpeg,https://images.pexels.com/photos/6627665/pexels-photo-6627665.jpeg","Sterilization Ready, Hygienic Design, Heavy Duty Construction, 1 Year Warranty",0,,Clinica | Industrial Grade | Performance Certified,MediCore
Separator Unit Industrial 550,separator-unit-industrial-550,Oil And Gas Exploration Equipment,FuelTech,120146.86,132454.31,5,Separator Unit Industrial 550 - A trusted solution for oil and gas exploration equipment tasks with reliable performance.,https://images.pexels.com/photos/29470000/pexels-photo-29470000.jpeg,"https://images.pexels.com/photos/29470000/pexels-photo-29470000.jpeg,https://images.pexels.com/photos/7910062/pexels-photo-7910062.jpeg,https://images.pexels.com/photos/29470002/pexels-photo-29470002.jpeg,https://images.pexels.com/photos/13129752/pexels-photo-13129752.jpeg","Corrosion Resistant, High Pressure Rated, ATEX Certified, 1 Year Warranty",0,,OilMax | Industrial Grade | Performance Certified,DrillMaster
Skid Steer Industrial 274,skid-steer-industrial-274,Construction Equipment,SteelWorks,34669.37,40754.64,18,Professional-grade Skid Steer Industrial 274 designed for demanding construction equipment applications.,https://images.pexels.com/photos/14975088/pexels-photo-14975088.jpeg,"https://images.pexels.com/photos/14975088/pexels-photo-14975088.jpeg,https://images.pexels.com/photos/30751525/pexels-photo-30751525.jpeg,https://images.pexels.com/photos/10421754/pexels-photo-10421754.jpeg,https://images.pexels.com/photos/20760025/pexels-photo-20760025.jpeg","CE Certified, Fuel Efficient, Heavy Duty Construction, 1 Year Warranty",0,,ConstructPro | Industrial Grade | Performance Certified,ConstructPro
Conveyor System Advanced 978,conveyor-system-advanced-978,Mining and Quarry Equipment,DeepDigger,104890.24,123580.46,5,Professional-grade Conveyor System Advanced 978 designed for demanding mining and quarry equipment applications.,https://images.pexels.com/photos/16567021/pexels-photo-16567021.jpeg,"https://images.pexels.com/photos/16567021/pexels-photo-16567021.jpeg,https://images.pexels.com/photos/4946889/pexels-photo-4946889.jpeg,https://images.pexels.com/photos/32618286/pexels-photo-32618286.jpeg,https://images.pexels.com/photos/17320062/pexels-photo-17320062.jpeg","High Torque, 1 Year Warranty, Technical Support, Dust Protected",0,,OreMax | Industrial Grade | Performance Certified,RockBreaker
Infusion Pump Advanced 739,infusion-pump-advanced-739,Medical Equipment,MediCore,27859.42,34709.57,20,Professional-grade Infusion Pump Advanced 739 designed for demanding medical equipment applications.,https://images.pexels.com/photos/6627665/pexels-photo-6627665.jpeg,"https://images.pexels.com/photos/6627665/pexels-photo-6627665.jpeg,https://images.pexels.com/photos/8655283/pexels-photo-8655283.jpeg,https://images.pexels.com/photos/4586856/pexels-photo-4586856.jpeg,https://images.pexels.com/photos/6809646/pexels-photo-6809646.jpeg","Sterilization Ready, Clinical Grade, Hygienic Design, Heavy Duty Construction",1,,MediPro | Industrial Grade | Performance Certified,MediCore
Top Drive Max 241,top-drive-max-241,Oil And Gas Exploration Equipment,FuelTech,88296.36,105381.73,8,This Top Drive Max 241 delivers exceptional performance in oil and gas exploration equipment environments.,https://images.pexels.com/photos/7910062/pexels-photo-7910062.jpeg,"https://images.pexels.com/photos/7910062/pexels-photo-7910062.jpeg,https://images.pexels.com/photos/21047659/pexels-photo-21047659.jpeg,https://images.pexels.com/photos/15391048/pexels-photo-15391048.jpeg,https://images.pexels.com/photos/29470001/pexels-photo-29470001.jpeg","Corrosion Resistant, Heavy Duty Construction, High Pressure Rated, Industry Certified",0,,DrillMaster | Industrial Grade | Performance Certified,GasPro
Bulldozer Max Industrial 420,bulldozer-max-industrial-420,Construction Equipment,TerraMaster,138468.15,177583.75,3,This Bulldozer Max Industrial 420 delivers exceptional performance in construction equipment environments.,https://images.pexels.com/photos/33122153/pexels-photo-33122153.jpeg,"https://images.pexels.com/photos/33122153/pexels-photo-33122153.jpeg,https://images.pexels.com/photos/18812420/pexels-photo-18812420.jpeg,https://images.pexels.com/photos/28663727/pexels-photo-28663727.jpeg,https://images.pexels.com/photos/27986721/pexels-photo-27986721.jpeg","Technical Support, Industry Certified, Heavy Duty Construction, ROPS/FOPS Available",0,,SteelWorks | Industrial Grade | Performance Certified,TerraMaster
Drilling Rig Max 861,drilling-rig-max-861,Mining and Quarry Equipment,QuarryPro,91919.05,118149.37,8,This Drilling Rig Max 861 delivers exceptional performance in mining and quarry equipment environments.,https://images.pexels.com/photos/13181434/pexels-photo-13181434.jpeg,"https://images.pexels.com/photos/13181434/pexels-photo-13181434.jpeg,https://images.pexels.com/photos/33192/paddle-wheel-bucket-wheel-excavators-brown-coal-open-pit-mining.jpg,https://images.pexels.com/photos/15071423/pexels-photo-15071423.jpeg,https://images.pexels.com/photos/6364578/pexels-photo-6364578.jpeg","Technical Support, High Torque, Heavy Duty Construction, Industry Certified",0,,MineTech | Industrial Grade | Performance Certified,OreMax
Diagnostic Scanner Industrial 821,diagnostic-scanner-industrial-821,Medical Equipment,ProHealth,15944.71,18229.08,5,This Diagnostic Scanner Industrial 821 delivers exceptional performance in medical equipment environments.,https://images.pexels.com/photos/7789678/pexels-photo-7789678.jpeg,"https://images.pexels.com/photos/7789678/pexels-photo-7789678.jpeg,https://images.pexels.com/photos/6627727/pexels-photo-6627727.jpeg,https://images.pexels.com/photos/6502369/pexels-photo-6502369.jpeg,https://images.pexels.com/photos/6809646/pexels-photo-6809646.jpeg","Industry Certified, Clinical Grade, Technical Support, Heavy Duty Construction",0,,BioMedix | Industrial Grade | Performance Certified,MediCore
Mud Pump Max 475,mud-pump-max-475,Oil And Gas Exploration Equipment,OilMax,258955.98,319125.57,13,Professional-grade Mud Pump Max 475 designed for demanding oil and gas exploration equipment applications.,https://images.pexels.com/photos/7910062/pexels-photo-7910062.jpeg,"https://images.pexels.com/photos/7910062/pexels-photo-7910062.jpeg,https://images.pexels.com/photos/29470000/pexels-photo-29470000.jpeg,https://images.pexels.com/photos/13129752/pexels-photo-13129752.jpeg,https://images.pexels.com/photos/29470001/pexels-photo-29470001.jpeg","1 Year Warranty, High Pressure Rated, ATEX Certified, Industry Certified",0,,PetroPower | Industrial Grade | Performance Certified,GasPro
Skid Steer Elite 145,skid-steer-elite-145,Construction Equipment,DigiBuild,69358.76,89921.85,12,High-quality Skid Steer Elite 145 meeting industry standards for construction equipment operations.,https://images.pexels.com/photos/14975088/pexels-photo-14975088.jpeg,"https://images.pexels.com/photos/14975088/pexels-photo-14975088.jpeg,https://images.pexels.com/photos/30751525/pexels-photo-30751525.jpeg,https://images.pexels.com/photos/10421754/pexels-photo-10421754.jpeg,https://images.pexels.com/photos/20760025/pexels-photo-20760025.jpeg","CE Certified, Technical Support, Heavy Duty Construction, 1 Year Warranty",0,,ConstructPro | Industrial Grade | Performance Certified,DigiBuild
Ventilation System Elite 468,ventilation-system-elite-468,Mining and Quarry Equipment,DeepDigger,186033.82,221631.35,3,This Ventilation System Elite 468 delivers exceptional performance in mining and quarry equipment environments.,https://images.pexels.com/photos/12267903/pexels-photo-12267903.jpeg,"https://images.pexels.com/photos/12267903/pexels-photo-12267903.jpeg,https://images.pexels.com/photos/31925745/pexels-photo-31925745.jpeg,https://images.pexels.com/photos/8247090/pexels-photo-8247090.jpeg,https://images.pexels.com/photos/34705823/pexels-photo-34705823.jpeg","Mining Certified, Dust Protected, Heavy Duty Construction, High Torque",0,,RockBreaker | Industrial Grade | Performance Certified,MineTech
Infusion Pump Advanced 986,infusion-pump-advanced-986,Medical Equipment,MediCore,48228.12,62107.62,11,Infusion Pump Advanced 986 - A trusted solution for medical equipment tasks with reliable performance.,https://images.pexels.com/photos/6809646/pexels-photo-6809646.jpeg,"https://images.pexels.com/photos/6809646/pexels-photo-6809646.jpeg,https://images.pexels.com/photos/4586856/pexels-photo-4586856.jpeg,https://images.pexels.com/photos/6627665/pexels-photo-6627665.jpeg,https://images.pexels.com/photos/8655283/pexels-photo-8655283.jpeg","Heavy Duty Construction, Clinical Grade, Hygienic Design, Technical Support",0,,MediPro | Industrial Grade | Performance Certified,BioMedix
Mud Pump Advanced 134,mud-pump-advanced-134,Oil And Gas Exploration Equipment,DrillMaster,457879.19,582736.26,2,Professional-grade Mud Pump Advanced 134 designed for demanding oil and gas exploration equipment applications.,https://images.pexels.com/photos/7910062/pexels-photo-7910062.jpeg,"https://images.pexels.com/photos/7910062/pexels-photo-7910062.jpeg,https://images.pexels.com/photos/29470001/pexels-photo-29470001.jpeg,https://images.pexels.com/photos/13129752/pexels-photo-13129752.jpeg,https://images.pexels.com/photos/29470000/pexels-photo-29470000.jpeg","Heavy Duty Construction, 1 Year Warranty, ATEX Certified, High Pressure Rated",0,,OilMax | Industrial Grade | Performance Certified,GasPro
Road Roller Advanced 541,road-roller-advanced-541,Construction Equipment,DigiBuild,136115.56,173157.4,4,Road Roller Advanced 541 - A trusted solution for construction equipment tasks with reliable performance.,https://images.pexels.com/photos/12247592/pexels-photo-12247592.jpeg,"https://images.pexels.com/photos/12247592/pexels-photo-12247592.jpeg,https://images.pexels.com/photos/30354001/pexels-photo-30354001.jpeg,https://images.pexels.com/photos/28663727/pexels-photo-28663727.jpeg,https://images.pexels.com/photos/18812420/pexels-photo-18812420.jpeg","ROPS/FOPS Available, Heavy Duty Construction, Industry Certified, 1 Year Warranty",1,,ConstructPro | Industrial Grade | Performance Certified,DigiBuild
Wheel Loader Max 938,wheel-loader-max-938,Mining and Quarry Equipment,MineTech,439333.76,546015.96,8,Wheel Loader Max 938 - A trusted solution for mining and quarry equipment tasks with reliable performance.,https://images.pexels.com/photos/32618286/pexels-photo-32618286.jpeg,"https://images.pexels.com/photos/32618286/pexels-photo-32618286.jpeg,https://images.pexels.com/photos/6890368/pexels-photo-6890368.jpeg,https://images.pexels.com/photos/13181434/pexels-photo-13181434.jpeg,https://images.pexels.com/photos/17320062/pexels-photo-17320062.jpeg","High Torque, Mining Certified, 1 Year Warranty, Technical Support",0,,QuarryPro | Industrial Grade | Performance Certified,MineTech
Diagnostic Scanner Max 188,diagnostic-scanner-max-188,Medical Equipment,BioMedix,34098.32,40877.21,5,High-quality Diagnostic Scanner Max 188 meeting industry standards for medical equipment operations.,https://images.pexels.com/photos/7789678/pexels-photo-7789678.jpeg,"https://images.pexels.com/photos/7789678/pexels-photo-7789678.jpeg,https://images.pexels.com/photos/6502369/pexels-photo-6502369.jpeg,https://images.pexels.com/photos/6809646/pexels-photo-6809646.jpeg,https://images.pexels.com/photos/6627727/pexels-photo-6627727.jpeg","1 Year Warranty, Sterilization Ready, Technical Support, Clinical Grade",0,,ProHealth | Industrial Grade | Performance Certified,MediPro
BOP Stack Industrial 739,bop-stack-industrial-739,Oil And Gas Exploration Equipment,GasPro,350247.43,387813.54,15,High-quality BOP Stack Industrial 739 meeting industry standards for oil and gas exploration equipment operations.,https://images.pexels.com/photos/7910062/pexels-photo-7910062.jpeg,"https://images.pexels.com/photos/7910062/pexels-photo-7910062.jpeg,https://images.pexels.com/photos/13129752/pexels-photo-13129752.jpeg,https://images.pexels.com/photos/29470000/pexels-photo-29470000.jpeg,https://images.pexels.com/photos/29470003/pexels-photo-29470003.jpeg","Technical Support, Corrosion Resistant, Heavy Duty Construction, Industry Certified",1,,FuelTech | Industrial Grade | Performance Certified,DrillMaster
Loader Elite Industrial 783,loader-elite-industrial-783,Construction Equipment,SteelWorks,76520.85,93345.38,5,High-quality Loader Elite Industrial 783 meeting industry standards for construction equipment operations.,https://images.pexels.com/photos/461789/pexels-photo-461789.jpeg,"https://images.pexels.com/photos/461789/pexels-photo-461789.jpeg,https://images.pexels.com/photos/35598624/pexels-photo-35598624.jpeg,https://images.pexels.com/photos/5125783/pexels-photo-5125783.jpeg,https://images.pexels.com/photos/5125782/pexels-photo-5125782.jpeg","CE Certified, Industry Certified, Technical Support, ROPS/FOPS Available",1,,SteelWorks | Industrial Grade | Performance Certified,TerraMaster
Dozer Pro Industrial 573,dozer-pro-industrial-573,Mining and Quarry Equipment,RockBreaker,295999.42,352136.86,9,This Dozer Pro Industrial 573 delivers exceptional performance in mining and quarry equipment environments.,https://images.pexels.com/photos/18812420/pexels-photo-18812420.jpeg,"https://images.pexels.com/photos/18812420/pexels-photo-18812420.jpeg,https://images.pexels.com/photos/15071423/pexels-photo-15071423.jpeg,https://images.pexels.com/photos/28792584/pexels-photo-28792584.jpeg,https://images.pexels.com/photos/31096912/pexels-photo-31096912.jpeg","Heavy Duty Construction, Industry Certified, Technical Support, 1 Year Warranty",1,,OreMax | Industrial Grade | Performance Certified,OreMax
Ophthalmology Equipment Elite 875,ophthalmology-equipment-elite-875,Medical Equipment,MediPro,7886.7,9675.33,17,Professional-grade Ophthalmology Equipment Elite 875 designed for demanding medical equipment applications.,https://images.pexels.com/photos/7789678/pexels-photo-7789678.jpeg,"https://images.pexels.com/photos/7789678/pexels-photo-7789678.jpeg,https://images.pexels.com/photos/6627665/pexels-photo-6627665.jpeg,https://images.pexels.com/photos/4210610/pexels-photo-4210610.jpeg,https://images.pexels.com/photos/6502369/pexels-photo-6502369.jpeg","Clinical Grade, Industry Certified, Sterilization Ready, Technical Support",0,,MediCore | Industrial Grade | Performance Certified,MediCore
Mud Pump Max 930,mud-pump-max-930,Oil And Gas Exploration Equipment,DrillMaster,172968.41,223150.34,14,Mud Pump Max 930 - A trusted solution for oil and gas exploration equipment tasks with reliable performance.,https://images.pexels.com/photos/7910062/pexels-photo-7910062.jpeg,"https://images.pexels.com/photos/7910062/pexels-photo-7910062.jpeg,https://images.pexels.com/photos/29470000/pexels-photo-29470000.jpeg,https://images.pexels.com/photos/29470001/pexels-photo-29470001.jpeg,https://images.pexels.com/photos/13129752/pexels-photo-13129752.jpeg","High Pressure Rated, Heavy Duty Construction, 1 Year Warranty, Industry Certified",0,,OilMax | Industrial Grade | Performance Certified,OilMax
Tower Crane Elite 660,tower-crane-elite-660,Construction Equipment,ConstructPro,84745.75,95340.65,12,High-quality Tower Crane Elite 660 meeting industry standards for construction equipment operations.,https://images.pexels.com/photos/16567022/pexels-photo-16567022.jpeg,"https://images.pexels.com/photos/16567022/pexels-photo-16567022.jpeg,https://images.pexels.com/photos/33122153/pexels-photo-33122153.jpeg,https://images.pexels.com/photos/28512236/pexels-photo-28512236.jpeg,https://images.pexels.com/photos/21033111/pexels-photo-21033111.jpeg","Industry Certified, Heavy Duty Construction, CE Certified, Fuel Efficient",1,,DigiBuild | Industrial Grade | Performance Certified,ConstructPro
Dozer Pro Max 251,dozer-pro-max-251,Mining and Quarry Equipment,OreMax,216787.81,251872.04,9,This Dozer Pro Max 251 delivers exceptional performance in mining and quarry equipment environments.,https://images.pexels.com/photos/28792584/pexels-photo-28792584.jpeg,"https://images.pexels.com/photos/28792584/pexels-photo-28792584.jpeg,https://images.pexels.com/photos/15071423/pexels-photo-15071423.jpeg,https://images.pexels.com/photos/18812420/pexels-photo-18812420.jpeg,https://images.pexels.com/photos/31096912/pexels-photo-31096912.jpeg","High Torque, Mining Certified, Heavy Duty Construction, Industry Certified",0,,RockBreaker | Industrial Grade | Performance Certified,QuarryPro
Patient Monitor Industrial 881,patient-monitor-industrial-881,Medical Equipment,ProHealth,2315.34,2758.58,2,Patient Monitor Industrial 881 - A trusted solution for medical equipment tasks with reliable performance.,https://images.pexels.com/photos/4586856/pexels-photo-4586856.jpeg,"https://images.pexels.com/photos/4586856/pexels-photo-4586856.jpeg,https://images.pexels.com/photos/8413092/pexels-photo-8413092.jpeg,https://images.pexels.com/photos/9951400/pexels-photo-9951400.jpeg,https://images.pexels.com/photos/8413159/pexels-photo-8413159.jpeg","Heavy Duty Construction, Clinical Grade, Industry Certified, Hygienic Design",1,,BioMedix | Industrial Grade | Performance Certified,ProHealth
Flow Meter Industrial 944,flow-meter-industrial-944,Oil And Gas Exploration Equipment,FuelTech,273480.97,308658.23,10,High-quality Flow Meter Industrial 944 meeting industry standards for oil and gas exploration equipment operations.,https://images.pexels.com/photos/29470003/pexels-photo-29470003.jpeg,"https://images.pexels.com/photos/29470003/pexels-photo-29470003.jpeg,https://images.pexels.com/photos/7910062/pexels-photo-7910062.jpeg,https://images.pexels.com/photos/29470001/pexels-photo-29470001.jpeg,https://images.pexels.com/photos/13129752/pexels-photo-13129752.jpeg","High Pressure Rated, ATEX Certified, Industry Certified, Corrosion Resistant",0,,FuelTech | Industrial Grade | Performance Certified,FuelTech
Tower Crane Max 278,tower-crane-max-278,Construction Equipment,SteelWorks,111083.05,127680.13,17,This Tower Crane Max 278 delivers exceptional performance in construction equipment environments.,https://images.pexels.com/photos/16567022/pexels-photo-16567022.jpeg,"https://images.pexels.com/photos/16567022/pexels-photo-16567022.jpeg,https://images.pexels.com/photos/33122153/pexels-photo-33122153.jpeg,https://images.pexels.com/photos/28512236/pexels-photo-28512236.jpeg,https://images.pexels.com/photos/21033111/pexels-photo-21033111.jpeg","ROPS/FOPS Available, Heavy Duty Construction, 1 Year Warranty, Technical Support",0,,BuildForce | Industrial Grade | Performance Certified,DigiBuild
Hydraulic Shovel Max 664,hydraulic-shovel-max-664,Mining and Quarry Equipment,OreMax,84122.93,93202.78,20,Professional-grade Hydraulic Shovel Max 664 designed for demanding mining and quarry equipment applications.,https://images.pexels.com/photos/6109673/pexels-photo-6109673.jpeg,"https://images.pexels.com/photos/6109673/pexels-photo-6109673.jpeg,https://images.pexels.com/photos/13130998/pexels-photo-13130998.jpeg,https://images.pexels.com/photos/13931828/pexels-photo-13931828.jpeg,https://images.pexels.com/photos/15071423/pexels-photo-15071423.jpeg","High Torque, Technical Support, Heavy Duty Construction, 1 Year Warranty",1,,MineTech | Industrial Grade | Performance Certified,RockBreaker
Ophthalmology Equipment Pro 377,ophthalmology-equipment-pro-377,Medical Equipment,MediCore,39793.33,49000.6,1,Professional-grade Ophthalmology Equipment Pro 377 designed for demanding medical equipment applications.,https://images.pexels.com/photos/7789678/pexels-photo-7789678.jpeg,"https://images.pexels.com/photos/7789678/pexels-photo-7789678.jpeg,https://images.pexels.com/photos/6627665/pexels-photo-6627665.jpeg,https://images.pexels.com/photos/6502369/pexels-photo-6502369.jpeg,https://images.pexels.com/photos/4210610/pexels-photo-4210610.jpeg","1 Year Warranty, Industry Certified, Sterilization Ready, Hygienic Design",1,,ProHealth | Industrial Grade | Performance Certified,Clinica
Drill Bit Pro Pro 166,drill-bit-pro-pro-166,Oil And Gas Exploration Equipment,GasPro,68587.6,78295.38,12,High-quality Drill Bit Pro Pro 166 meeting industry standards for oil and gas exploration equipment operations.,https://images.pexels.com/photos/7910062/pexels-photo-7910062.jpeg,"https://images.pexels.com/photos/7910062/pexels-photo-7910062.jpeg,https://images.pexels.com/photos/15391048/pexels-photo-15391048.jpeg,https://images.pexels.com/photos/21047659/pexels-photo-21047659.jpeg,https://images.pexels.com/photos/29470001/pexels-photo-29470001.jpeg","ATEX Certified, Industry Certified, Corrosion Resistant, High Pressure Rated",0,,GasPro | Industrial Grade | Performance Certified,FuelTech
Tower Crane Max 317,tower-crane-max-317,Construction Equipment,BuildForce,52015.47,58847.6,4,Tower Crane Max 317 - A trusted solution for construction equipment tasks with reliable performance.,https://images.pexels.com/photos/21033111/pexels-photo-21033111.jpeg,"https://images.pexels.com/photos/21033111/pexels-photo-21033111.jpeg,https://images.pexels.com/photos/16567022/pexels-photo-16567022.jpeg,https://images.pexels.com/photos/33122153/pexels-photo-33122153.jpeg,https://images.pexels.com/photos/28512236/pexels-photo-28512236.jpeg","Heavy Duty Construction, Technical Support, ROPS/FOPS Available, Industry Certified",0,,BuildForce | Industrial Grade | Performance Certified,DigiBuild
Blasting Equipment Industrial 927,blasting-equipment-industrial-927,Mining and Quarry Equipment,OreMax,137996.36,179328.19,11,Professional-grade Blasting Equipment Industrial 927 designed for demanding mining and quarry equipment applications.,https://images.pexels.com/photos/12617533/pexels-photo-12617533.jpeg,"https://images.pexels.com/photos/12617533/pexels-photo-12617533.jpeg,https://images.pexels.com/photos/4946886/pexels-photo-4946886.jpeg,https://images.pexels.com/photos/4946889/pexels-photo-4946889.jpeg,https://images.pexels.com/photos/6890430/pexels-photo-6890430.jpeg","Dust Protected, Technical Support, 1 Year Warranty, High Torque",0,,RockBreaker | Industrial Grade | Performance Certified,DeepDigger
ECG Machine Advanced 258,ecg-machine-advanced-258,Medical Equipment,MediPro,49966.63,64607.06,4,This ECG Machine Advanced 258 delivers exceptional performance in medical equipment environments.,https://images.pexels.com/photos/6502369/pexels-photo-6502369.jpeg,"https://images.pexels.com/photos/6502369/pexels-photo-6502369.jpeg,https://images.pexels.com/photos/4210610/pexels-photo-4210610.jpeg,https://images.pexels.com/photos/7789678/pexels-photo-7789678.jpeg,https://images.pexels.com/photos/9951400/pexels-photo-9951400.jpeg","Sterilization Ready, Heavy Duty Construction, Hygienic Design, 1 Year Warranty",1,,Clinica | Industrial Grade | Performance Certified,BioMedix
Flow Meter Pro 740,flow-meter-pro-740,Oil And Gas Exploration Equipment,FuelTech,153573.02,177652.09,16,Flow Meter Pro 740 - A trusted solution for oil and gas exploration equipment tasks with reliable performance.,https://images.pexels.com/photos/29470003/pexels-photo-29470003.jpeg,"https://images.pexels.com/photos/29470003/pexels-photo-29470003.jpeg,https://images.pexels.com/photos/7910062/pexels-photo-7910062.jpeg,https://images.pexels.com/photos/29470001/pexels-photo-29470001.jpeg,https://images.pexels.com/photos/13129752/pexels-photo-13129752.jpeg","1 Year Warranty, High Pressure Rated, ATEX Certified, Corrosion Resistant",0,,OilMax | Industrial Grade | Performance Certified,PetroPower
Concrete Mixer Advanced 950,concrete-mixer-advanced-950,Construction Equipment,SteelWorks,114502.77,130015.35,18,Concrete Mixer Advanced 950 - A trusted solution for construction equipment tasks with reliable performance.,https://images.pexels.com/photos/30354001/pexels-photo-30354001.jpeg,"https://images.pexels.com/photos/30354001/pexels-photo-30354001.jpeg,https://images.pexels.com/photos/35598624/pexels-photo-35598624.jpeg,https://images.pexels.com/photos/13931828/pexels-photo-13931828.jpeg,https://images.pexels.com/photos/16567022/pexels-photo-16567022.jpeg","Industry Certified, ROPS/FOPS Available, Heavy Duty Construction, CE Certified",0,,ConstructPro | Industrial Grade | Performance Certified,ConstructPro
Dust Collector Advanced 965,dust-collector-advanced-965,Mining and Quarry Equipment,MineTech,257141.52,310042.26,7,This Dust Collector Advanced 965 delivers exceptional performance in mining and quarry equipment environments.,https://images.pexels.com/photos/5327843/pexels-photo-5327843.jpeg,"https://images.pexels.com/photos/5327843/pexels-photo-5327843.jpeg,https://images.pexels.com/photos/17320030/pexels-photo-17320030.jpeg,https://images.pexels.com/photos/5275011/pexels-photo-5275011.jpeg,https://images.pexels.com/photos/13367122/pexels-photo-13367122.jpeg","1 Year Warranty, Industry Certified, High Torque, Heavy Duty Construction",0,,DeepDigger | Industrial Grade | Performance Certified,OreMax
Sterilizer Pro Pro 119,sterilizer-pro-pro-119,Medical Equipment,MediPro,15763.39,18282.2,5,Professional-grade Sterilizer Pro Pro 119 designed for demanding medical equipment applications.,https://images.pexels.com/photos/6627665/pexels-photo-6627665.jpeg,"https://images.pexels.com/photos/6627665/pexels-photo-6627665.jpeg,https://images.pexels.com/photos/9259926/pexels-photo-9259926.jpeg,https://images.pexels.com/photos/6627664/pexels-photo-6627664.jpeg,https://images.pexels.com/photos/6627671/pexels-photo-6627671.jpeg","Sterilization Ready, Clinical Grade, 1 Year Warranty, Technical Support",0,,ProHealth | Industrial Grade | Performance Certified,MediPro
Casing Hanger Pro 163,casing-hanger-pro-163,Oil And Gas Exploration Equipment,DrillMaster,133516.48,152875.28,2,High-quality Casing Hanger Pro 163 meeting industry standards for oil and gas exploration equipment operations.,https://images.pexels.com/photos/29470001/pexels-photo-29470001.jpeg,"https://images.pexels.com/photos/29470001/pexels-photo-29470001.jpeg,https://images.pexels.com/photos/7910062/pexels-photo-7910062.jpeg,https://images.pexels.com/photos/13129752/pexels-photo-13129752.jpeg,https://images.pexels.com/photos/29470000/pexels-photo-29470000.jpeg","Corrosion Resistant, ATEX Certified, Industry Certified, High Pressure Rated",1,,DrillMaster | Industrial Grade | Performance Certified,OilMax
Loader Elite Elite 628,loader-elite-elite-628,Construction Equipment,TerraMaster,36942.44,42191.12,12,Loader Elite Elite 628 - A trusted solution for construction equipment tasks with reliable performance.,https://images.pexels.com/photos/35598624/pexels-photo-35598624.jpeg,"https://images.pexels.com/photos/35598624/pexels-photo-35598624.jpeg,https://images.pexels.com/photos/5125782/pexels-photo-5125782.jpeg,https://images.pexels.com/photos/5125783/pexels-photo-5125783.jpeg,https://images.pexels.com/photos/461789/pexels-photo-461789.jpeg","Fuel Efficient, Industry Certified, Technical Support, 1 Year Warranty",0,,DigiBuild | Industrial Grade | Performance Certified,ConstructPro
Blasting Equipment Pro 856,blasting-equipment-pro-856,Mining and Quarry Equipment,QuarryPro,260711.32,333434.3,5,This Blasting Equipment Pro 856 delivers exceptional performance in mining and quarry equipment environments.,https://images.pexels.com/photos/12617533/pexels-photo-12617533.jpeg,"https://images.pexels.com/photos/12617533/pexels-photo-12617533.jpeg,https://images.pexels.com/photos/6890430/pexels-photo-6890430.jpeg,https://images.pexels.com/photos/4946889/pexels-photo-4946889.jpeg,https://images.pexels.com/photos/4946886/pexels-photo-4946886.jpeg","Technical Support, Heavy Duty Construction, Dust Protected, Industry Certified",0,,QuarryPro | Industrial Grade | Performance Certified,QuarryPro
Infusion Pump Industrial 572,infusion-pump-industrial-572,Medical Equipment,ProHealth,6936.24,8473.82,9,This Infusion Pump Industrial 572 delivers exceptional performance in medical equipment environments.,https://images.pexels.com/photos/6809646/pexels-photo-6809646.jpeg,"https://images.pexels.com/photos/6809646/pexels-photo-6809646.jpeg,https://images.pexels.com/photos/8655283/pexels-photo-8655283.jpeg,https://images.pexels.com/photos/4586856/pexels-photo-4586856.jpeg,https://images.pexels.com/photos/6627665/pexels-photo-6627665.jpeg","1 Year Warranty, Heavy Duty Construction, Clinical Grade, Sterilization Ready",0,,ProHealth | Industrial Grade | Performance Certified,BioMedix
Mud Pump Elite 739,mud-pump-elite-739,Oil And Gas Exploration Equipment,GasPro,282964.57,360562.51,12,High-quality Mud Pump Elite 739 meeting industry standards for oil and gas exploration equipment operations.,https://images.pexels.com/photos/29470001/pexels-photo-29470001.jpeg,"https://images.pexels.com/photos/29470001/pexels-photo-29470001.jpeg,https://images.pexels.com/photos/13129752/pexels-photo-13129752.jpeg,https://images.pexels.com/photos/29470000/pexels-photo-29470000.jpeg,https://images.pexels.com/photos/7910062/pexels-photo-7910062.jpeg","High Pressure Rated, 1 Year Warranty, Industry Certified, Corrosion Resistant",0,,GasPro | Industrial Grade | Performance Certified,DrillMaster
Backhoe Loader Industrial 429,backhoe-loader-industrial-429,Construction Equipment,TerraMaster,74728.69,82974.76,3,Professional-grade Backhoe Loader Industrial 429 designed for demanding construction equipment applications.,https://images.pexels.com/photos/30751525/pexels-photo-30751525.jpeg,"https://images.pexels.com/photos/30751525/pexels-photo-30751525.jpeg,https://images.pexels.com/photos/28663727/pexels-photo-28663727.jpeg,https://images.pexels.com/photos/10421758/pexels-photo-10421758.jpeg,https://images.pexels.com/photos/16567022/pexels-photo-16567022.jpeg","Industry Certified, Fuel Efficient, CE Certified, ROPS/FOPS Available",0,,TerraMaster | Industrial Grade | Performance Certified,DigiBuild
Dozer Pro Advanced 270,dozer-pro-advanced-270,Mining and Quarry Equipment,MineTech,391491.59,506650.34,18,This Dozer Pro Advanced 270 delivers exceptional performance in mining and quarry equipment environments.,https://images.pexels.com/photos/28792584/pexels-photo-28792584.jpeg,"https://images.pexels.com/photos/28792584/pexels-photo-28792584.jpeg,https://images.pexels.com/photos/18812420/pexels-photo-18812420.jpeg,https://images.pexels.com/photos/15071423/pexels-photo-15071423.jpeg,https://images.pexels.com/photos/31096912/pexels-photo-31096912.jpeg","Industry Certified, Heavy Duty Construction, High Torque, Dust Protected",0,,DeepDigger | Industrial Grade | Performance Certified,RockBreaker
Patient Monitor Pro 556,patient-monitor-pro-556,Medical Equipment,MediCore,10854.55,11987.96,13,Patient Monitor Pro 556 - A trusted solution for medical equipment tasks with reliable performance.,https://images.pexels.com/photos/8413092/pexels-photo-8413092.jpeg,"https://images.pexels.com/photos/8413092/pexels-photo-8413092.jpeg,https://images.pexels.com/photos/9951400/pexels-photo-9951400.jpeg,https://images.pexels.com/photos/8413159/pexels-photo-8413159.jpeg,https://images.pexels.com/photos/4586856/pexels-photo-4586856.jpeg","Technical Support, Clinical Grade, 1 Year Warranty, Hygienic Design",1,,MediCore | Industrial Grade | Performance Certified,Clinica
Flow Meter Pro 874,flow-meter-pro-874,Oil And Gas Exploration Equipment,PetroPower,295496.54,367699.48,5,Flow Meter Pro 874 - A trusted solution for oil and gas exploration equipment tasks with reliable performance.,https://images.pexels.com/photos/29470003/pexels-photo-29470003.jpeg,"https://images.pexels.com/photos/29470003/pexels-photo-29470003.jpeg,https://images.pexels.com/photos/7910062/pexels-photo-7910062.jpeg,https://images.pexels.com/photos/13129752/pexels-photo-13129752.jpeg,https://images.pexels.com/photos/29470001/pexels-photo-29470001.jpeg","Corrosion Resistant, Technical Support, High Pressure Rated, Heavy Duty Construction",0,,PetroPower | Industrial Grade | Performance Certified,PetroPower
Tower Crane Industrial 828,tower-crane-industrial-828,Construction Equipment,DigiBuild,16026.09,20638.16,1,High-quality Tower Crane Industrial 828 meeting industry standards for construction equipment operations.,https://images.pexels.com/photos/21033111/pexels-photo-21033111.jpeg,"https://images.pexels.com/photos/21033111/pexels-photo-21033111.jpeg,https://images.pexels.com/photos/28512236/pexels-photo-28512236.jpeg,https://images.pexels.com/photos/16567022/pexels-photo-16567022.jpeg,https://images.pexels.com/photos/33122153/pexels-photo-33122153.jpeg","Fuel Efficient, ROPS/FOPS Available, Technical Support, 1 Year Warranty",0,,SteelWorks | Industrial Grade | Performance Certified,DigiBuild
Blasting Equipment Pro 907,blasting-equipment-pro-907,Mining and Quarry Equipment,MineTech,468108.8,547257.04,13,Professional-grade Blasting Equipment Pro 907 designed for demanding mining and quarry equipment applications.,https://images.pexels.com/photos/4946889/pexels-photo-4946889.jpeg,"https://images.pexels.com/photos/4946889/pexels-photo-4946889.jpeg,https://images.pexels.com/photos/4946886/pexels-photo-4946886.jpeg,https://images.pexels.com/photos/6890430/pexels-photo-6890430.jpeg,https://images.pexels.com/photos/12617533/pexels-photo-12617533.jpeg","Heavy Duty Construction, Mining Certified, Industry Certified, 1 Year Warranty",0,,DeepDigger | Industrial Grade | Performance Certified,OreMax
Ventilator System Industrial 418,ventilator-system-industrial-418,Medical Equipment,MediPro,14461.8,17585.19,6,This Ventilator System Industrial 418 delivers exceptional performance in medical equipment environments.,https://images.pexels.com/photos/6502369/pexels-photo-6502369.jpeg,"https://images.pexels.com/photos/6502369/pexels-photo-6502369.jpeg,https://images.pexels.com/photos/8413091/pexels-photo-8413091.jpeg,https://images.pexels.com/photos/7789678/pexels-photo-7789678.jpeg,https://images.pexels.com/photos/4210610/pexels-photo-4210610.jpeg","1 Year Warranty, Hygienic Design, Clinical Grade, Industry Certified",0,,MediCore | Industrial Grade | Performance Certified,BioMedix
Separator Unit Max 567,separator-unit-max-567,Oil And Gas Exploration Equipment,OilMax,319742.83,388348.34,2,High-quality Separator Unit Max 567 meeting industry standards for oil and gas exploration equipment operations.,https://images.pexels.com/photos/29470002/pexels-photo-29470002.jpeg,"https://images.pexels.com/photos/29470002/pexels-photo-29470002.jpeg,https://images.pexels.com/photos/13129752/pexels-photo-13129752.jpeg,https://images.pexels.com/photos/7910062/pexels-photo-7910062.jpeg,https://images.pexels.com/photos/29470000/pexels-photo-29470000.jpeg","High Pressure Rated, 1 Year Warranty, Industry Certified, Technical Support",0,,PetroPower | Industrial Grade | Performance Certified,OilMax
Concrete Mixer Advanced 500,concrete-mixer-advanced-500,Construction Equipment,DigiBuild,58912.03,72663.94,6,Professional-grade Concrete Mixer Advanced 500 designed for demanding construction equipment applications.,https://images.pexels.com/photos/30354001/pexels-photo-30354001.jpeg,"https://images.pexels.com/photos/30354001/pexels-photo-30354001.jpeg,https://images.pexels.com/photos/13931828/pexels-photo-13931828.jpeg,https://images.pexels.com/photos/16567022/pexels-photo-16567022.jpeg,https://images.pexels.com/photos/35598624/pexels-photo-35598624.jpeg","ROPS/FOPS Available, 1 Year Warranty, Fuel Efficient, Heavy Duty Construction",0,,TerraMaster | Industrial Grade | Performance Certified,DigiBuild
Blasting Equipment Industrial 769,blasting-equipment-industrial-769,Mining and Quarry Equipment,QuarryPro,375403.53,484054.03,16,Blasting Equipment Industrial 769 - A trusted solution for mining and quarry equipment tasks with reliable performance.,https://images.pexels.com/photos/4946889/pexels-photo-4946889.jpeg,"https://images.pexels.com/photos/4946889/pexels-photo-4946889.jpeg,https://images.pexels.com/photos/6890430/pexels-photo-6890430.jpeg,https://images.pexels.com/photos/12617533/pexels-photo-12617533.jpeg,https://images.pexels.com/photos/4946886/pexels-photo-4946886.jpeg","1 Year Warranty, High Torque, Heavy Duty Construction, Technical Support",0,,OreMax | Industrial Grade | Performance Certified,DeepDigger
CT Scanner Industrial 144,ct-scanner-industrial-144,Medical Equipment,ProHealth,3313.3,4156.3,6,CT Scanner Industrial 144 - A trusted solution for medical equipment tasks with reliable performance.,https://images.pexels.com/photos/6502369/pexels-photo-6502369.jpeg,"https://images.pexels.com/photos/6502369/pexels-photo-6502369.jpeg,https://images.pexels.com/photos/6627665/pexels-photo-6627665.jpeg,https://images.pexels.com/photos/8413159/pexels-photo-8413159.jpeg,https://images.pexels.com/photos/7789678/pexels-photo-7789678.jpeg","Sterilization Ready, Clinical Grade, Industry Certified, Technical Support",0,,ProHealth | Industrial Grade | Performance Certified,MediPro
Flow Meter Max 803,flow-meter-max-803,Oil And Gas Exploration Equipment,GasPro,161765.42,205110.35,20,Flow Meter Max 803 - A trusted solution for oil and gas exploration equipment tasks with reliable performance.,https://images.pexels.com/photos/7910062/pexels-photo-7910062.jpeg,"https://images.pexels.com/photos/7910062/pexels-photo-7910062.jpeg,https://images.pexels.com/photos/13129752/pexels-photo-13129752.jpeg,https://images.pexels.com/photos/29470001/pexels-photo-29470001.jpeg,https://images.pexels.com/photos/29470003/pexels-photo-29470003.jpeg","Industry Certified, Technical Support, ATEX Certified, 1 Year Warranty",0,,OilMax | Industrial Grade | Performance Certified,GasPro
Road Roller Elite 368,road-roller-elite-368,Construction Equipment,ConstructPro,128625.88,159328.35,13,High-quality Road Roller Elite 368 meeting industry standards for construction equipment operations.,https://images.pexels.com/photos/18812420/pexels-photo-18812420.jpeg,"https://images.pexels.com/photos/18812420/pexels-photo-18812420.jpeg,https://images.pexels.com/photos/12247592/pexels-photo-12247592.jpeg,https://images.pexels.com/photos/28663727/pexels-photo-28663727.jpeg,https://images.pexels.com/photos/30354001/pexels-photo-30354001.jpeg","ROPS/FOPS Available, Technical Support, CE Certified, Fuel Efficient",1,,TerraMaster | Industrial Grade | Performance Certified,TerraMaster
Drilling Rig Advanced 677,drilling-rig-advanced-677,Mining and Quarry Equipment,DeepDigger,302653.67,350708.67,7,This Drilling Rig Advanced 677 delivers exceptional performance in mining and quarry equipment environments.,https://images.pexels.com/photos/33192/paddle-wheel-bucket-wheel-excavators-brown-coal-open-pit-mining.jpg,"https://images.pexels.com/photos/33192/paddle-wheel-bucket-wheel-excavators-brown-coal-open-pit-mining.jpg,https://images.pexels.com/photos/6364578/pexels-photo-6364578.jpeg,https://images.pexels.com/photos/13181434/pexels-photo-13181434.jpeg,https://images.pexels.com/photos/15071423/pexels-photo-15071423.jpeg","High Torque, 1 Year Warranty, Mining Certified, Dust Protected",1,,DeepDigger | Industrial Grade | Performance Certified,RockBreaker
Dental Chair Industrial 813,dental-chair-industrial-813,Medical Equipment,Clinica,3689.48,4444.8,7,High-quality Dental Chair Industrial 813 meeting industry standards for medical equipment operations.,https://images.pexels.com/photos/6627664/pexels-photo-6627664.jpeg,"https://images.pexels.com/photos/6627664/pexels-photo-6627664.jpeg,https://images.pexels.com/photos/15771806/pexels-photo-15771806.jpeg,https://images.pexels.com/photos/15771809/pexels-photo-15771809.jpeg,https://images.pexels.com/photos/15771808/pexels-photo-15771808.jpeg","Clinical Grade, Industry Certified, Technical Support, Heavy Duty Construction",0,,MediPro | Industrial Grade | Performance Certified,MediCore
Wellhead System Industrial 913,wellhead-system-industrial-913,Oil And Gas Exploration Equipment,GasPro,408109.97,478595.4,18,High-quality Wellhead System Industrial 913 meeting industry standards for oil and gas exploration equipment operations.,https://images.pexels.com/photos/13129752/pexels-photo-13129752.jpeg,"https://images.pexels.com/photos/13129752/pexels-photo-13129752.jpeg,https://images.pexels.com/photos/29470000/pexels-photo-29470000.jpeg,https://images.pexels.com/photos/29470002/pexels-photo-29470002.jpeg,https://images.pexels.com/photos/7910062/pexels-photo-7910062.jpeg","Industry Certified, 1 Year Warranty, Corrosion Resistant, Heavy Duty Construction",0,,FuelTech | Industrial Grade | Performance Certified,DrillMaster
Bulldozer Max Advanced 185,bulldozer-max-advanced-185,Construction Equipment,SteelWorks,42824.94,50829.1,8,Professional-grade Bulldozer Max Advanced 185 designed for demanding construction equipment applications.,https://images.pexels.com/photos/33122153/pexels-photo-33122153.jpeg,"https://images.pexels.com/photos/33122153/pexels-photo-33122153.jpeg,https://images.pexels.com/photos/28663727/pexels-photo-28663727.jpeg,https://images.pexels.com/photos/27986721/pexels-photo-27986721.jpeg,https://images.pexels.com/photos/18812420/pexels-photo-18812420.jpeg","Industry Certified, 1 Year Warranty, ROPS/FOPS Available, Fuel Efficient",0,,DigiBuild | Industrial Grade | Performance Certified,TerraMaster
Wheel Loader Pro 656,wheel-loader-pro-656,Mining and Quarry Equipment,MineTech,87345.54,106399.61,17,Professional-grade Wheel Loader Pro 656 designed for demanding mining and quarry equipment applications.,https://images.pexels.com/photos/6890368/pexels-photo-6890368.jpeg,"https://images.pexels.com/photos/6890368/pexels-photo-6890368.jpeg,https://images.pexels.com/photos/17320062/pexels-photo-17320062.jpeg,https://images.pexels.com/photos/13181434/pexels-photo-13181434.jpeg,https://images.pexels.com/photos/32618286/pexels-photo-32618286.jpeg","1 Year Warranty, Technical Support, Mining Certified, Heavy Duty Construction",0,,MineTech | Industrial Grade | Performance Certified,RockBreaker
CT Scanner Advanced 882,ct-scanner-advanced-882,Medical Equipment,BioMedix,40805.22,51469.28,8,CT Scanner Advanced 882 - A trusted solution for medical equipment tasks with reliable performance.,https://images.pexels.com/photos/8413159/pexels-photo-8413159.jpeg,"https://images.pexels.com/photos/8413159/pexels-photo-8413159.jpeg,https://images.pexels.com/photos/6627665/pexels-photo-6627665.jpeg,https://images.pexels.com/photos/6502369/pexels-photo-6502369.jpeg,https://images.pexels.com/photos/7789678/pexels-photo-7789678.jpeg","Sterilization Ready, Clinical Grade, Hygienic Design, Technical Support",1,,ProHealth | Industrial Grade | Performance Certified,MediCore
BOP Stack Max 854,bop-stack-max-854,Oil And Gas Exploration Equipment,FuelTech,241719.56,278234.08,12,Professional-grade BOP Stack Max 854 designed for demanding oil and gas exploration equipment applications.,https://images.pexels.com/photos/13129752/pexels-photo-13129752.jpeg,"https://images.pexels.com/photos/13129752/pexels-photo-13129752.jpeg,https://images.pexels.com/photos/29470000/pexels-photo-29470000.jpeg,https://images.pexels.com/photos/29470003/pexels-photo-29470003.jpeg,https://images.pexels.com/photos/7910062/pexels-photo-7910062.jpeg","Technical Support, Heavy Duty Construction, ATEX Certified, Industry Certified",0,,OilMax | Industrial Grade | Performance Certified,OilMax
Concrete Mixer Advanced 475,concrete-mixer-advanced-475,Construction Equipment,ConstructPro,84021.82,100076.08,16,Concrete Mixer Advanced 475 - A trusted solution for construction equipment tasks with reliable performance.,https://images.pexels.com/photos/35598624/pexels-photo-35598624.jpeg,"https://images.pexels.com/photos/35598624/pexels-photo-35598624.jpeg,https://images.pexels.com/photos/13931828/pexels-photo-13931828.jpeg,https://images.pexels.com/photos/16567022/pexels-photo-16567022.jpeg,https://images.pexels.com/photos/30354001/pexels-photo-30354001.jpeg","Heavy Duty Construction, Industry Certified, 1 Year Warranty, ROPS/FOPS Available",0,,ConstructPro | Industrial Grade | Performance Certified,BuildForce
Conveyor System Advanced 936,conveyor-system-advanced-936,Mining and Quarry Equipment,RockBreaker,236753.37,277077.04,19,Conveyor System Advanced 936 - A trusted solution for mining and quarry equipment tasks with reliable performance.,https://images.pexels.com/photos/16567021/pexels-photo-16567021.jpeg,"https://images.pexels.com/photos/16567021/pexels-photo-16567021.jpeg,https://images.pexels.com/photos/32618286/pexels-photo-32618286.jpeg,https://images.pexels.com/photos/17320062/pexels-photo-17320062.jpeg,https://images.pexels.com/photos/4946889/pexels-photo-4946889.jpeg","Dust Protected, Industry Certified, 1 Year Warranty, Mining Certified",0,,OreMax | Industrial Grade | Performance Certified,OreMax
Diagnostic Scanner Max 212,diagnostic-scanner-max-212,Medical Equipment,BioMedix,31097.03,38807.07,12,Diagnostic Scanner Max 212 - A trusted solution for medical equipment tasks with reliable performance.,https://images.pexels.com/photos/7789678/pexels-photo-7789678.jpeg,"https://images.pexels.com/photos/7789678/pexels-photo-7789678.jpeg,https://images.pexels.com/photos/6809646/pexels-photo-6809646.jpeg,https://images.pexels.com/photos/6502369/pexels-photo-6502369.jpeg,https://images.pexels.com/photos/6627727/pexels-photo-6627727.jpeg","1 Year Warranty, Industry Certified, Technical Support, Sterilization Ready",0,,ProHealth | Industrial Grade | Performance Certified,BioMedix
Separator Unit Max 332,separator-unit-max-332,Oil And Gas Exploration Equipment,GasPro,433456.67,553736.0,13,High-quality Separator Unit Max 332 meeting industry standards for oil and gas exploration equipment operations.,https://images.pexels.com/photos/29470000/pexels-photo-29470000.jpeg,"https://images.pexels.com/photos/29470000/pexels-photo-29470000.jpeg,https://images.pexels.com/photos/13129752/pexels-photo-13129752.jpeg,https://images.pexels.com/photos/29470002/pexels-photo-29470002.jpeg,https://images.pexels.com/photos/7910062/pexels-photo-7910062.jpeg","Heavy Duty Construction, Industry Certified, 1 Year Warranty, High Pressure Rated",0,,OilMax | Industrial Grade | Performance Certified,OilMax
Excavator Industrial 500,excavator-industrial-500,Construction Equipment,ConstructPro,62404.68,78165.36,15,High-quality Excavator Industrial 500 meeting industry standards for construction equipment operations.,https://images.pexels.com/photos/27986721/pexels-photo-27986721.jpeg,"https://images.pexels.com/photos/27986721/pexels-photo-27986721.jpeg,https://images.pexels.com/photos/28512236/pexels-photo-28512236.jpeg,https://images.pexels.com/photos/28663727/pexels-photo-28663727.jpeg,https://images.pexels.com/photos/30751525/pexels-photo-30751525.jpeg","Heavy Duty Construction, Fuel Efficient, 1 Year Warranty, CE Certified",0,,ConstructPro | Industrial Grade | Performance Certified,ConstructPro
Drilling Rig Elite 819,drilling-rig-elite-819,Mining and Quarry Equipment,QuarryPro,287788.31,359250.27,15,Drilling Rig Elite 819 - A trusted solution for mining and quarry equipment tasks with reliable performance.,https://images.pexels.com/photos/6364578/pexels-photo-6364578.jpeg,"https://images.pexels.com/photos/6364578/pexels-photo-6364578.jpeg,https://images.pexels.com/photos/33192/paddle-wheel-bucket-wheel-excavators-brown-coal-open-pit-mining.jpg,https://images.pexels.com/photos/15071423/pexels-photo-15071423.jpeg,https://images.pexels.com/photos/13181434/pexels-photo-13181434.jpeg","1 Year Warranty, Dust Protected, Mining Certified, Industry Certified",0,,MineTech | Industrial Grade | Performance Certified,RockBreaker
Defibrillator Pro 188,defibrillator-pro-188,Medical Equipment,MediCore,19955.54,24886.07,14,This Defibrillator Pro 188 delivers exceptional performance in medical equipment environments.,https://images.pexels.com/photos/8413159/pexels-photo-8413159.jpeg,"https://images.pexels.com/photos/8413159/pexels-photo-8413159.jpeg,https://images.pexels.com/photos/4586856/pexels-photo-4586856.jpeg,https://images.pexels.com/photos/6809646/pexels-photo-6809646.jpeg,https://images.pexels.com/photos/6627665/pexels-photo-6627665.jpeg","Heavy Duty Construction, 1 Year Warranty, Clinical Grade, Sterilization Ready",1,,Clinica | Industrial Grade | Performance Certified,Clinica
Separator Unit Advanced 628,separator-unit-advanced-628,Oil And Gas Exploration Equipment,DrillMaster,195703.04,219173.0,18,High-quality Separator Unit Advanced 628 meeting industry standards for oil and gas exploration equipment operations.,https://images.pexels.com/photos/7910062/pexels-photo-7910062.jpeg,"https://images.pexels.com/photos/7910062/pexels-photo-7910062.jpeg,https://images.pexels.com/photos/13129752/pexels-photo-13129752.jpeg,https://images.pexels.com/photos/29470002/pexels-photo-29470002.jpeg,https://images.pexels.com/photos/29470000/pexels-photo-29470000.jpeg","Heavy Duty Construction, Industry Certified, ATEX Certified, 1 Year Warranty",0,,OilMax | Industrial Grade | Performance Certified,OilMax
Crane Lift Pro Max 491,crane-lift-pro-max-491,Construction Equipment,DigiBuild,120541.38,140937.7,14,This Crane Lift Pro Max 491 delivers exceptional performance in construction equipment environments.,https://images.pexels.com/photos/33122153/pexels-photo-33122153.jpeg,"https://images.pexels.com/photos/33122153/pexels-photo-33122153.jpeg,https://images.pexels.com/photos/30354001/pexels-photo-30354001.jpeg,https://images.pexels.com/photos/16567022/pexels-photo-16567022.jpeg,https://images.pexels.com/photos/21033111/pexels-photo-21033111.jpeg","1 Year Warranty, Industry Certified, ROPS/FOPS Available, Heavy Duty Construction",0,,TerraMaster | Industrial Grade | Performance Certified,ConstructPro
Blasting Equipment Advanced 996,blasting-equipment-advanced-996,Mining and Quarry Equipment,OreMax,492880.28,549767.93,7,This Blasting Equipment Advanced 996 delivers exceptional performance in mining and quarry equipment environments.,https://images.pexels.com/photos/6890430/pexels-photo-6890430.jpeg,"https://images.pexels.com/photos/6890430/pexels-photo-6890430.jpeg,https://images.pexels.com/photos/4946889/pexels-photo-4946889.jpeg,https://images.pexels.com/photos/12617533/pexels-photo-12617533.jpeg,https://images.pexels.com/photos/4946886/pexels-photo-4946886.jpeg","Dust Protected, Mining Certified, Technical Support, High Torque",0,,DeepDigger | Industrial Grade | Performance Certified,RockBreaker
